[
  {
    "nik": "12345678",
    "name": "Budi Santoso",
    "family": [
      "Budi Santoso",
      "Sari Dewi (Istri)",
      "Rizky Pratama (Anak)",
      "Sinta Noviana (Anak)"
    ],
    "region": "Manager",
    "unit": "Produksi"
  },
  {
    "nik": "87654321",
    "name": "Ahmad Hidayat",
    "family": [
      "Ahmad Hidayat",
      "Lisa Permata (Istri)",
      "Fajar Ramadan (Anak)"
    ],
    "region": "Supervisor",
    "unit": "Keuangan"
  },
  {
    "nik": "11223344",
    "name": "Siti Nurhaliza",
    "family": [
      "Siti Nurhaliza",
      "Rudi Hartono (Suami)",
      "Maya Indah (Anak)",
      "Dika Pratama (Anak)"
    ],
    "region": "Staff",
    "unit": "SDM"
  },
  {
    "nik": "55667788",
    "name": "Rina Wijaya",
    "family": [
      "Rina Wijaya",
      "Joko Susilo (Suami)"
    ],
    "region": "Manager",
    "unit": "Pemasaran"
  },
  {
    "nik": "99887766",
    "name": "Andi Setiawan",
    "family": [
      "Andi Setiawan",
      "Mira Lestari (Istri)",
      "Kevin Maulana (Anak)",
      "Sari Dewi (Anak)",
      "Budi Santoso (Anak)"
    ],
    "region": "Direktur",
    "unit": "Direksi"
  }
]